{
    "DFOV": null,
    "HFOV": 38.846009738214526,
    "VFOV": 40.931396475675044,
    "sensorSize": [
        1.6,
        1.2
    ],
    "focal_length": 2.1362835345704223,
    "pixelSize": null,
    "camResolution": null
}